{"acc": 0.8677522540092468, "prec0": 0.886828601360321, "prec1": 0.6943972706794739, "rec0": 0.9634647369384766, "rec1": 0.40305495262145996, "auroc": 0.8481367518251776, "auprc": 0.6065043263683931, "minpse": 0.5603448275862069}