{"acc": 0.8827055096626282, "prec0": 0.9075779914855957, "prec1": 0.608517587184906, "rec0": 0.9623444080352783, "rec1": 0.37393054366111755, "auroc": 0.8604491904167699, "auprc": 0.5407751245563167, "minpse": 0.5269250125817816}