{"acc": 0.8827736377716064, "prec0": 0.9075848460197449, "prec1": 0.6090164184570312, "rec0": 0.9624232053756714, "rec1": 0.37393054366111755, "auroc": 0.8604648903868526, "auprc": 0.5408507294195768, "minpse": 0.5264217413185707}